"DESCRIPTION","DURATION IN MS","NAME","PARENT SUITE","START TIME","STATUS","STOP TIME","SUB SUITE","SUITE","TEST CLASS","TEST METHOD"
"","36681","logout redirects to the login page","chromium","2026-09-25","passed","2026-09-25","","login.spec.ts","",""
"","27216","Login with invalid credentials","chromium","2026-09-25","passed","2026-09-25","","login.spec.ts","",""
"","11172","Login with empty field","chromium","2026-09-25","passed","2026-09-25","","login.spec.ts","",""
"","15378","Add new employee successfully","chromium","2026-09-26","passed","2026-09-26","","employee.spec.ts","",""
"","43552","View employee detail page","chromium","2026-09-25","passed","2026-09-25","","employee.spec.ts","",""
"","32061","Employee List page loads successfully","chromium","2026-09-25","passed","2026-09-25","","employee.spec.ts","",""
"","6707","Successful login with valid credentials","chromium","2026-09-26","passed","2026-09-26","","login.spec.ts","",""
"","30111","Search for the available employee","chromium","2026-09-25","passed","2026-09-25","","employee.spec.ts","",""
"","26761","Apply leave shows message when no leave balance available","chromium","2026-09-24","failed","2026-09-24","","leave.spec.ts","",""
